method,n,fid_gen_mean,fid_gen_std,fid_real_real_mean,fid_real_real_std
sd_lora,100,129.86127993362055,4.072056003073177,69.05171945558375,3.4858026513255984
sd_lora,200,104.76347122018906,3.1782550883930822,48.75593727015897,0.57062075828099
sd_lora,500,85.08728369991358,1.7818302254482528,28.014357612706725,0.3528644476950735
sd_lora,1000,73.62028137799985,1.1234574338887204,16.7021046744136,0.17418981716220217
ddpm_fixed,100,121.12125947040757,4.957105793807098,69.05171945558375,3.4858026513255984
ddpm_fixed,200,104.1114839881629,1.1105986223640618,48.75593727015897,0.57062075828099
ddpm_fixed,500,83.07883530687118,1.6299252330244056,28.014357612706725,0.3528644476950735
ddpm_fixed,1000,70.77443583553288,0.49113218009741455,16.7021046744136,0.17418981716220217
dcgan,100,166.9318545290166,3.229132025280787,69.05171945558375,3.4858026513255984
dcgan,200,149.94944600886328,2.7475059034390252,48.75593727015897,0.57062075828099
dcgan,500,136.9521485961249,1.061317945037092,28.014357612706725,0.3528644476950735
dcgan,1000,127.84574102815161,0.7663533469098709,16.7021046744136,0.17418981716220217
fastgan,100,289.99400529914044,2.039231869829878,69.05171945558375,3.4858026513255984
fastgan,200,285.5552324560005,2.295745076444152,48.75593727015897,0.57062075828099
fastgan,500,279.1558172970391,1.5232780420406615,28.014357612706725,0.3528644476950735
fastgan,1000,276.39801062200127,0.40028532888567153,16.7021046744136,0.17418981716220217
ddpm_v1,100,105.6938292752852,3.984992003431568,69.05171945558375,3.4858026513255984
ddpm_v1,200,84.3242342045614,1.9005022974663959,48.75593727015897,0.57062075828099
ddpm_v1,500,66.69709581448042,1.2616288396726596,28.014357612706725,0.3528644476950735
ddpm_v1,1000,56.14537171585018,0.5054173206300208,16.7021046744136,0.17418981716220217
ddpm_ft,100,111.6068906453518,2.1680565538788157,69.05171945558375,3.4858026513255984
ddpm_ft,200,93.58040407532006,3.3004020002998833,48.75593727015897,0.57062075828099
ddpm_ft,500,73.33885611791693,1.4396336450248561,28.014357612706725,0.3528644476950735
ddpm_ft,1000,61.480801437616286,1.4102263215682027,16.7021046744136,0.17418981716220217
sd_lora_sdedit,100,92.90793264948893,3.191537025010575,69.05171945558375,3.4858026513255984
sd_lora_sdedit,200,70.84180590812929,1.2287912809452715,48.75593727015897,0.57062075828099
sd_lora_sdedit,500,49.604767584789556,0.8152164178528442,28.014357612706725,0.3528644476950735
sd_lora_sdedit,1000,38.2287248810771,0.7309237511213802,16.7021046744136,0.17418981716220217
sd_turbo_lora,100,139.20992742348463,5.6972516704742535,69.05171945558375,3.4858026513255984
sd_turbo_lora,200,122.89257494317084,4.230596359985013,48.75593727015897,0.57062075828099
sd_turbo_lora,500,100.5765770439601,1.0269610149193171,28.014357612706725,0.3528644476950735
sd_turbo_lora,1000,89.20224104779287,0.7086349643892385,16.7021046744136,0.17418981716220217
