condition,n_runs,n_train,n_synth,accuracy,macro_f1,macro_f1_ci_low,macro_f1_ci_high,macro_f1_sd,delta,delta_item_ci_low,delta_item_ci_high,delta_item_p,delta_ci_low,delta_ci_high,delta_sd,delta_n_seeds,delta_p,mcnemar_p,family,significant_holm,significant
oracle,3,3970,0,0.9325468844525103,0.9306983590581338,0.9208937271136741,0.937482068941638,0.007101067934901047,0.13162729598687675,0.10796519961514235,0.1548937714074697,0.0,0.12450221223755753,0.1371594065012237,0.006477215022874381,3.0,0.0008061911403964839,4.827852343797551e-26,primary,True,True
fastgan,3,2065,800,0.8726557773744701,0.8701816560254761,0.8675123454633921,0.8747054204995911,0.0032160360282997257,0.07111059295421907,0.04975683332549611,0.09302699753104539,0.0,0.05534734540936537,0.0837780248509411,0.014465957945218213,3.0,0.013515432045698716,2.8955579301500215e-11,primary,False,False
sd_lora_sdedit,3,2065,800,0.8711433756805804,0.8688299809536435,0.8669901278184261,0.87185349046977,0.0021546625243368677,0.06975891788238635,0.04826179329801892,0.0911537362048241,0.0,0.054666467868654145,0.08325580720597525,0.014361300128229056,3.0,0.013835045839541094,1.7204382022928686e-10,primary,False,False
ddpm_fixed,3,2065,800,0.8672111312764663,0.8658818459335405,0.8578211843451541,0.8708902638256931,0.005755423720460555,0.06681078286228363,0.04513946804604718,0.08924754998771312,0.0,0.05732217244791349,0.08519976901732396,0.015928044885218474,3.0,0.018423742761591422,2.1293269893678653e-07,primary,False,False
fastgan+filtered,3,1543,278,0.8653962492437989,0.8628728107065381,0.855159525268494,0.8716018648175861,0.006750875101777602,0.06380174763528128,0.0427555327010453,0.08452961862321011,0.0,0.05862200811350571,0.07142520465604407,0.006742349504279565,3.0,0.003701854579480246,2.248493642010137e-08,primary,False,False
sd_lora+filtered,3,1875,610,0.8605565638233511,0.8588596705827557,0.8518044005881991,0.8627763909238672,0.004998934114845844,0.059788607511498726,0.03907704994440877,0.08081227023422788,0.0,0.03882454388411927,0.07826389962375035,0.019837116298247,3.0,0.03479069698145576,4.1711925797188045e-08,primary,False,False
ddpm_fixed+filtered,3,1908,643,0.8593466424682391,0.857694408573512,0.8528161399290041,0.8631141889647561,0.004221562089604448,0.058623345502255154,0.03696413452212562,0.07969450075508316,0.0,0.050134332260675984,0.069081819316554,0.009626053066744912,3.0,0.008868026308530341,1.9571268057101273e-07,primary,False,False
sd_turbo_lora,3,2065,800,0.8596491228070174,0.8576462569258765,0.850880270048148,0.863938320455366,0.0053414494046944705,0.05857519385461948,0.03713445491198816,0.08069561150814321,0.0,0.050958463751285876,0.06714594943569807,0.008135803381037572,3.0,0.006369238199138483,2.817080119519299e-07,primary,False,False
sd_lora_sdedit+filtered,3,1933,668,0.8599516031457948,0.8574144107121427,0.8516051785713551,0.867910046933242,0.007435678425787701,0.05834334764088589,0.037702048648274096,0.07912946416707108,0.0,0.039748149927750775,0.08417572632079184,0.023081052343842938,3.0,0.04841138034053394,3.8814787648043784e-07,primary,False,False
sd_lora,3,2065,800,0.8572292800967934,0.8555082497556397,0.8496238576510061,0.867173541467765,0.008248715080583792,0.05643718668438288,0.035112605707723225,0.07804386665317674,0.0,0.036644000946926214,0.06667452957052455,0.017144788181907077,3.0,0.029411463717529562,2.690520255782166e-07,primary,False,False
ddpm_ft,3,2065,800,0.84724742891712,0.8445457563881654,0.8366572639296671,0.8517606074719449,0.006184286057706621,0.04547469331690823,0.023750864591669005,0.06696586889799834,0.0,0.032239541058804,0.06802628685949419,0.019628292141859946,3.0,0.056857071742000054,0.0016527877186364487,primary,False,False
dcgan+filtered,3,1432,167,0.845432546884452,0.841044025556502,0.832100755801593,0.8521765445995461,0.008340820635053594,0.04197296248524507,0.02270444699099089,0.0615065776671232,0.0,0.01912089909751269,0.05512045565591672,0.01986519646074081,3.0,0.06722456865477344,1.3659695054556279e-06,primary,False,False
ddpm_v1,3,2065,800,0.8421052631578947,0.839591911201166,0.8352749242969201,0.8477266187792121,0.005755716997180885,0.040520848129909304,0.01944158996492068,0.06218898970251907,0.0,0.034746762075132276,0.051540603684469666,0.009547044850402444,3.0,0.01800550373846277,0.0011553964012761516,primary,False,False
ddpm_ft+filtered,3,1366,101,0.8387779794313364,0.8362999100785687,0.8283679911991871,0.8418091030231901,0.00574851125553734,0.03722884700731203,0.018317179876479905,0.05587619597098089,0.0,0.025742779309249286,0.04463367058673706,0.010085080985366559,3.0,0.023598796286657064,0.00020565595274244034,primary,False,False
dcgan,3,2065,800,0.8342407743496668,0.8308465635026069,0.8183782391607841,0.8520303276229181,0.015057333370934118,0.031775500431349836,0.010908399871860569,0.05254271573422698,0.002,0.009151267020037657,0.05153131572567837,0.021335135315800082,3.0,0.12312699002653327,0.008793539075659175,primary,False,False
ddpm_v1+filtered,3,1412,147,0.8266787658802169,0.8241629191292255,0.8219807222750241,0.827656754324637,0.0024959475569621722,0.02509185605796871,0.006069008108619658,0.0438990938059363,0.003,0.009871424083935265,0.03824640166257354,0.014299851503270912,3.0,0.09335004696304794,0.006377301421688327,primary,False,False
sd_turbo_lora+filtered,3,1347,82,0.8239564428312155,0.8213291462881483,0.8133417373362121,0.8305975063715221,0.007102629470876211,0.02225808321689156,0.0032128824955947703,0.04105877669781935,0.001,0.0003618806321323831,0.036313874544260494,0.019215631737681253,3.0,0.18265013538560337,0.005334573169974544,primary,False,False
none,3,1265,0,0.8058076225045371,0.7990710630712567,0.78373432061245,0.81297985670408,0.01198205946986098,,,,,,,,,,,primary,False,False
trad,3,1265,0,0.6031457955232907,0.561224358001508,0.5225369482549831,0.614214503299895,0.03876957318957816,-0.2378467050697488,-0.268351977918688,-0.20868401832604264,0.0,-0.2611973723574673,-0.198765353404185,0.03405921418489115,3.0,0.006765947332977973,1.2066085041863282e-34,primary,False,False
