method,cls,n_real,n_fake,fid,fid_inf,kid_mean,kid_std,cmmd,clip_fid,precision,recall,density,coverage,intra_lpips_fake,intra_lpips_real,knn_lpips
sd_lora,Broken soybeans,722,400,96.02448973204991,98.8932755358555,0.073776751756668,0.0048972880467772,1.6503334045410156,79.7238198662544,0.3275,0.0720221606648199,0.1625,0.1523545706371191,0.6352376300096512,0.5434095872938633,0.5739830434322357
sd_lora,Immature soybeans,810,400,60.590075350412576,64.03456628994405,0.0365208759903907,0.0032217053230851,1.1317729949951172,60.17550138663066,0.3625,0.3222222222222222,0.152,0.1592592592592592,0.5229178754985333,0.4487052758783102,0.456813254058361
sd_lora,Skin-damaged soybeans,812,400,111.62322749505378,116.18218988775811,0.0941393077373504,0.0051463530398905,1.3750791549682615,70.48147825992739,0.0825,0.3435960591133005,0.019,0.0258620689655172,0.605878154784441,0.4992401348054409,0.5416861057281495
sd_lora,Spotted soybeans,761,400,71.88094800602767,74.36341817007248,0.0465442277491092,0.0039868950843811,1.2298822402954102,62.94350785687488,0.295,0.3994743758212877,0.1399999999999999,0.1997371879106438,0.6096506318449975,0.5269975139200688,0.531293804347515
sd_lora,ALL,2000,1600,66.49676909643989,66.30201511583937,0.0524901859462261,0.0011995473178103,1.141071319580078,57.70466530912741,0.32625,0.2705,0.145875,0.187,,,
ddpm_fixed,Broken soybeans,722,400,76.9680080339223,79.76816506467274,0.0396724864840507,0.0041050156578421,1.3998746871948242,71.44879742440888,0.46,0.3019390581717451,0.4065000000000001,0.3656509695290859,0.6330008365213871,0.5434095872938633,0.5161604183912277
ddpm_fixed,Immature soybeans,810,400,86.12889898438834,89.89781852770616,0.0540254414081573,0.0044981464743614,1.5016794204711914,82.29815401339528,0.2625,0.4432098765432098,0.1145,0.1209876543209876,0.597673703879118,0.4487052758783102,0.477243312895298
ddpm_fixed,Skin-damaged soybeans,812,400,87.42672506049877,89.88204792848445,0.0518318638205528,0.0041930102743208,1.5848875045776367,82.89203946172057,0.21,0.3891625615763547,0.1115,0.1761083743842364,0.609667344391346,0.4992401348054409,0.4975641021132469
ddpm_fixed,Spotted soybeans,761,400,72.83173508877894,74.6678933657872,0.0377631373703479,0.0042626741342246,1.5166997909545898,76.12102729234076,0.3675,0.3994743758212877,0.248,0.2759526938239159,0.5885132850706577,0.5269975139200688,0.4947917154431343
ddpm_fixed,ALL,2000,1600,63.8534219273167,63.101317534717225,0.0420027077198028,0.0009749532327987,1.3704299926757812,68.21133528200174,0.370625,0.417,0.218125,0.2595,,,
dcgan,Broken soybeans,722,400,159.67162916985012,160.7843177439691,0.1740049123764038,0.0059320242144167,3.941774368286133,164.4805315178735,0.1,0.0013850415512465,0.026,0.0152354570637119,0.4256009778380394,0.5434095872938633,0.4579097148776054
dcgan,Immature soybeans,810,400,137.46920282506923,139.14441624588378,0.1475185751914978,0.0049454513937234,3.1298398971557617,142.22273285655632,0.1675,0.0,0.042,0.0098765432098765,0.3429866268485784,0.4487052758783102,0.3581986090540885
dcgan,Skin-damaged soybeans,812,400,165.6212810839072,167.72819516405573,0.1905412226915359,0.0064611346460878,3.521084785461426,150.74453633798396,0.0375,0.0,0.008,0.0049261083743842,0.3819698259979486,0.4992401348054409,0.4376869797706604
dcgan,Spotted soybeans,761,400,109.18175866370105,111.34251944243525,0.108132392168045,0.004887678194791,3.4366846084594727,149.23715709440793,0.365,0.0078843626806833,0.125,0.0420499342969776,0.405961167216301,0.5269975139200688,0.4067464256286621
dcgan,ALL,2000,1600,122.80034650690922,122.01213618944408,0.1372468620538711,0.0013120708754286,3.150343894958496,139.68303260950768,0.20625,0.0,0.0595,0.0225,,,
fastgan,Broken soybeans,722,400,312.0865474867649,312.0031466120634,0.407937616109848,0.0044772215187549,7.123112678527832,266.1710056636568,0.0,0.0,0.0,0.0,0.0237750806333497,0.5434095872938633,0.5695937013626099
fastgan,Immature soybeans,810,400,274.92805705796616,275.9567196852488,0.3701973855495453,0.0041727474890649,7.127881050109863,255.0624199152095,0.0,0.0,0.0,0.0,0.0273142141895368,0.4487052758783102,0.4538430777192115
fastgan,Skin-damaged soybeans,812,400,296.9027658395039,297.6077275228614,0.4012375771999359,0.004861160647124,6.919503211975098,240.69055433965048,0.0,0.0,0.0,0.0,0.0251601438596844,0.4992401348054409,0.448979600071907
fastgan,Spotted soybeans,761,400,344.2600928229591,344.6139586991786,0.5010235905647278,0.0058455606922507,7.403016090393066,272.8194900104176,0.0,0.0,0.0,0.0,0.0275337462406605,0.5269975139200688,0.5593631100654602
fastgan,ALL,2000,1600,275.6134512126171,275.51874882555643,0.2388705760240554,0.0010305147152394,5.8945417404174805,243.51398842603524,0.0,0.0,0.0,0.0,,,
ddpm_v1,Broken soybeans,722,400,80.58552967294591,82.99261822494546,0.0465110167860984,0.0048389094881713,1.707315444946289,83.5971011473641,0.53,0.2202216066481994,0.3745,0.3421052631578947,0.5371168441325426,0.5434095872938633,0.4492128819227218
ddpm_v1,Immature soybeans,810,400,77.43719294997663,80.54478783880587,0.0475575737655162,0.0043453760445117,1.6057491302490234,84.68727859936529,0.31,0.4185185185185185,0.122,0.1604938271604938,0.5284268221259117,0.4487052758783102,0.4482615238428116
ddpm_v1,Skin-damaged soybeans,812,400,95.4055887849417,97.76028786697228,0.0679942891001701,0.0051777972839772,1.5990734100341797,82.799406881735,0.2825,0.1588669950738916,0.1295,0.1453201970443349,0.5479857510328293,0.4992401348054409,0.4556866180896759
ddpm_v1,Spotted soybeans,761,400,63.75302271954212,65.37303258864009,0.0303580220788717,0.0033289475832134,1.735687255859375,86.67136598377817,0.4725,0.3797634691195795,0.2345,0.2720105124835742,0.536754984408617,0.5269975139200688,0.4442278569936752
ddpm_v1,ALL,2000,1600,50.66804724615332,49.699667891016894,0.0339728221297264,0.000846785143949,1.3780593872070312,67.17351888021952,0.51625,0.2335,0.336875,0.4015,,,
ddpm_ft,Broken soybeans,722,400,94.61952065644525,97.98184574573558,0.0456846468150615,0.0039769345894455,1.873493194580078,96.12935068349378,0.38,0.5193905817174516,0.2155,0.2354570637119113,0.593719943612814,0.5434095872938633,0.4782339766621589
ddpm_ft,Immature soybeans,810,400,84.37731427651948,87.798940586854,0.0370473116636276,0.0040894490666687,1.536726951599121,86.62729134055033,0.2275,0.6641975308641975,0.1185,0.2024691358024691,0.5943917516618967,0.4487052758783102,0.4890340322256088
ddpm_ft,Skin-damaged soybeans,812,400,95.5281359998605,98.3716288394732,0.0516917817294597,0.0035813795402646,1.5102624893188477,84.44186166789194,0.2275,0.3177339901477832,0.137,0.1600985221674876,0.576568059399724,0.4992401348054409,0.4484263816475868
ddpm_ft,Spotted soybeans,761,400,74.27446864741717,75.73160071148008,0.0283235926181077,0.0032107562292367,1.6902685165405271,88.74184284872125,0.2925,0.695137976346912,0.152,0.2233902759526938,0.5826748493313789,0.5269975139200688,0.4709078630805015
ddpm_ft,ALL,2000,1600,54.24937401560186,54.33152350783175,0.0245864372700452,0.0007286881445907,1.3494491577148438,70.11123570294976,0.355625,0.498,0.22275,0.406,,,
sd_lora_sdedit,Broken soybeans,722,400,50.89006705945167,54.20484335287709,0.0172950252890586,0.0022732280194759,0.9402036666870116,49.716176027833086,0.64,0.5997229916897507,0.4655,0.5526315789473685,0.5517718121409416,0.5434095872938633,0.4171796822547912
sd_lora_sdedit,Immature soybeans,810,400,48.54932119048763,50.77796715358438,0.0289500039070844,0.0033524585887789,1.0581016540527344,55.6307136988352,0.575,0.5938271604938271,0.3095,0.3222222222222222,0.4697131387144327,0.4487052758783102,0.3138272738456726
sd_lora_sdedit,Skin-damaged soybeans,812,400,42.637598403286574,45.67301855979978,0.0150331016629934,0.0019056786550208,0.9397268295288086,47.86608427828959,0.565,0.6391625615763546,0.3755,0.4679802955665024,0.510073833912611,0.4992401348054409,0.3966105428338051
sd_lora_sdedit,Spotted soybeans,761,400,48.864636973076045,51.38884730933622,0.0202395562082529,0.0029963725246489,1.0353326797485352,53.54163421044828,0.48,0.7240473061760841,0.289,0.3902759526938239,0.5507719397544861,0.5269975139200688,0.3832326126098633
sd_lora_sdedit,ALL,2000,1600,31.524284816989592,30.739033789583164,0.0178143102675676,0.0007688843179494,0.8835792541503906,43.69679344370586,0.54625,0.6605,0.356,0.488,,,
sd_turbo_lora,Broken soybeans,722,400,110.13286935443028,113.1269818081589,0.0768994241952896,0.0040521854534745,2.0422935485839844,102.64788289119478,0.065,0.4376731301939058,0.0165,0.0304709141274238,0.4974412812292575,0.5434095872938633,0.5798420795798301
sd_turbo_lora,Immature soybeans,810,400,116.74165147310796,120.90225754677304,0.1039901003241539,0.006621113512665,1.9483566284179688,104.71654878816156,0.015,0.2851851851851852,0.004,0.0086419753086419,0.3977232906222343,0.4487052758783102,0.5226012733578682
sd_turbo_lora,Skin-damaged soybeans,812,400,132.0428000850867,136.32260424999282,0.1136300936341285,0.0060279997996985,2.016901969909668,105.48752680316171,0.025,0.1625615763546798,0.0055,0.0098522167487684,0.415299918204546,0.4992401348054409,0.5762460750341415
sd_turbo_lora,Spotted soybeans,761,400,102.016063649397,104.87171062409048,0.0712643265724182,0.0058070071972906,2.2319555282592773,111.9004107286506,0.085,0.3837056504599211,0.0265,0.038107752956636,0.4749562773108482,0.5269975139200688,0.5763233804702759
sd_turbo_lora,ALL,2000,1600,82.43765127842494,82.07611201305382,0.0672753155231475,0.0010730978101491,1.77001953125,89.61771075295393,0.03875,0.2725,0.0105,0.0285,,,
