method,cls,scarcity,detector_acc,detector_auc,fooling_rate,n_per_side
sd_lora,Broken soybeans,100,1.0,1.0,0.0,300
sd_lora,Immature soybeans,100,1.0,1.0,0.0,300
sd_lora,Skin-damaged soybeans,100,1.0,1.0,0.0,300
sd_lora,Spotted soybeans,100,1.0,1.0,0.0,300
ddpm_fixed,Broken soybeans,100,0.9777777777777777,0.9996294466403162,0.04444444444444451,300
ddpm_fixed,Immature soybeans,100,1.0,1.0,0.0,300
ddpm_fixed,Skin-damaged soybeans,100,1.0,1.0,0.0,300
ddpm_fixed,Spotted soybeans,100,1.0,1.0,0.0,300
dcgan,Broken soybeans,100,1.0,1.0,0.0,300
dcgan,Immature soybeans,100,1.0,1.0,0.0,300
dcgan,Skin-damaged soybeans,100,1.0,1.0,0.0,300
dcgan,Spotted soybeans,100,1.0,1.0,0.0,300
fastgan,Broken soybeans,100,1.0,1.0,0.0,300
fastgan,Immature soybeans,100,1.0,1.0,0.0,300
fastgan,Skin-damaged soybeans,100,1.0,1.0,0.0,300
fastgan,Spotted soybeans,100,1.0,1.0,0.0,300
ddpm_v1,Broken soybeans,100,0.9944444444444445,1.0,0.011111111111111072,300
ddpm_v1,Immature soybeans,100,1.0,1.0,0.0,300
ddpm_v1,Skin-damaged soybeans,100,0.9944444444444445,1.0,0.011111111111111072,300
ddpm_v1,Spotted soybeans,100,0.9944444444444445,1.0,0.011111111111111072,300
ddpm_ft,Broken soybeans,100,1.0,1.0,0.0,300
ddpm_ft,Immature soybeans,100,1.0,1.0,0.0,300
ddpm_ft,Skin-damaged soybeans,100,0.9888888888888889,0.9998764822134387,0.022222222222222143,300
ddpm_ft,Spotted soybeans,100,0.9944444444444445,1.0,0.011111111111111072,300
sd_lora_sdedit,Broken soybeans,100,0.9944444444444445,1.0,0.011111111111111072,300
sd_lora_sdedit,Immature soybeans,100,1.0,1.0,0.0,300
sd_lora_sdedit,Skin-damaged soybeans,100,0.9777777777777777,1.0,0.04444444444444451,300
sd_lora_sdedit,Spotted soybeans,100,0.9611111111111111,0.9979001976284585,0.07777777777777772,300
sd_turbo_lora,Broken soybeans,100,1.0,1.0,0.0,300
sd_turbo_lora,Immature soybeans,100,1.0,1.0,0.0,300
sd_turbo_lora,Skin-damaged soybeans,100,1.0,1.0,0.0,300
sd_turbo_lora,Spotted soybeans,100,1.0,1.0,0.0,300
